,accuracy,f1,precision,recall,roc_auc,accuracy_pct
XGBoost,0.9725,0.75,0.9705882352941176,0.6111111111111112,0.7945,97.25
RandomForest,0.9725,0.75,0.9705882352941176,0.6111111111111112,0.7743,97.25
ANN,0.955,0.6471,0.6875,0.6111111111111112,0.808,95.5
